Microsoft Windows [Version 10.0.26200.9168]
(c) Microsoft Corporation. All rights reserved.

C:\Users\jmudr>cd downloads

C:\Users\jmudr\Downloads>python verify_independent_decision.py 4 11 highs
Building independent decision set-cover instance...
l=4 N=11 backend=highs: 13824 blocks, 256 points, block size 24
Decision question: can at most 11 blocks cover all 256 points?
Running HiGHS 1.15.1 (git hash: 04024d7): Copyright (c) 2026 under MIT licence terms
Includes third-party software components, see THIRD_PARTY_NOTICES.md for full details
MIP has 257 rows; 13825 cols; 345600 nonzeros; 13824 integer variables (13824 binary)
Coefficient ranges:
  Matrix  [1e+00, 1e+00]
  Cost    [1e+00, 1e+00]
  Bound   [1e+00, 1e+00]
  RHS     [1e+00, 1e+01]
Presolving model
257 rows, 13824 cols, 345600 nonzeros 7s
257 rows, 13824 cols, 345600 nonzeros 7s
Presolve reductions: rows 257(-0); columns 13824(-1); nonzeros 345600(-0)
Objective function is integral with scale 1

Solving MIP model with:
   257 rows
   13824 cols (13824 binary, 0 integer, 0 implied int., 0 continuous, 0 domain fixed)
   345600 nonzeros
   Thread count 4 (of 8 threads). Using 1 max workers. Parallel search off

Src: B => Branching; C => Central rounding; F => Feasibility pump; H => Heuristic;
     I => Shifting; J => Feasibility jump; L => Sub-MIP; P => Empty MIP; R => Randomized rounding;
     S => Solve LP; T => Evaluate node; U => Unbounded; X => User solution; Y => HiGHS solution;
     Z => ZI Round; l => Trivial lower; p => Trivial point; u => Trivial upper; z => Trivial zero

        Nodes      |    B&B Tree     |            Objective Bounds              |  Dynamic Constraints |       Work
Src  Proc. InQueue |  Leaves   Expl. | BestBound       BestSol              Gap |   Cuts   InLp Confl. | LpIters     Time

         0       0         0   0.00%   0               inf                  inf        0      0      0         0    10.8s
         0       0         0   0.00%   0               inf                  inf        0      0      7       242    11.2s
         0       0         0   0.00%   0               inf                  inf        0      0     56     20651   201.7s

Symmetry detection completed in 1.3s
Found 5 generator(s)

         5       0         2  37.50%   0               inf                  inf        2      0     58     28632   207.1s
        11       0         5  48.44%   0               inf                  inf        5      0     61     40762   214.6s
        15       0         7  49.61%   0               inf                  inf        7      0     63     49133   220.8s
        17       0         8  49.80%   0               inf                  inf        8      0     64     52623   227.5s
        19       0         9  49.90%   0               inf                  inf        9      0     65     56373   235.1s
        21       0        10  49.95%   0               inf                  inf       10      0     66     60576   243.8s
        23       0        11  49.98%   0               inf                  inf       11      0     67     64267   251.5s
        25       0        12  49.99%   0               inf                  inf       12      0     68     67408   258.0s
        27       0        13  49.99%   0               inf                  inf       13      0     69     71065   266.1s
        29       0        14  50.00%   0               inf                  inf       14      0     70     74846   274.3s
        31       0        15  50.00%   0               inf                  inf       15      0     71     78473   281.9s
        33       0        16  50.00%   0               inf                  inf       16      0     72     85182   296.3s
        35       0        17  50.00%   0               inf                  inf       17      0     73     89371   305.1s
        37       0        18  50.00%   0               inf                  inf       18      0     74     94201   315.3s
        39       0        19  50.00%   0               inf                  inf       19      0     75     97617   322.4s
        41       0        20  50.00%   0               inf                  inf       20      0     76    101516   330.7s
        43       0        21  50.00%   0               inf                  inf       21      0     77    105730   339.6s

        Nodes      |    B&B Tree     |            Objective Bounds              |  Dynamic Constraints |       Work
Src  Proc. InQueue |  Leaves   Expl. | BestBound       BestSol              Gap |   Cuts   InLp Confl. | LpIters     Time

        47       0        23  50.00%   0               inf                  inf       23      0     79    113346   346.0s
        51       0        25  50.00%   0               inf                  inf       25      0     81    121872   351.8s
        55       0        27  50.00%   0               inf                  inf       27      0     83    130008   357.4s
        61       0        30  50.00%   0               inf                  inf       30      0     86    140032   363.8s
        65       0        32  50.00%   0               inf                  inf       32      0     88    147839   373.3s
        67       0        33  50.00%   0               inf                  inf       33      0     89    150534   379.1s
        69       0        34  50.00%   0               inf                  inf       34      0     90    154915   388.3s
        71       0        35  50.00%   0               inf                  inf       35      0     91    159384   397.8s
        73       0        36  50.00%   0               inf                  inf       36      0     92    163618   406.5s
        75       0        37  50.00%   0               inf                  inf       37      0     93    167496   414.4s
        77       0        38  50.00%   0               inf                  inf       38      0     94    170876   421.5s
        79       0        39  50.00%   0               inf                  inf       39      0     95    174688   429.3s
        81       0        40  50.00%   0               inf                  inf       40      0     96    178985   438.4s
        83       0        41  50.00%   0               inf                  inf       41      0     97    196049   459.1s
        87       0        43  50.00%   0               inf                  inf       43      0     99    205657   470.3s
        89       0        44  50.00%   0               inf                  inf       44      0    100    210076   479.1s
        91       0        45  50.00%   0               inf                  inf       45      0    101    213833   486.8s
        93       0        46  50.00%   0               inf                  inf       46      0    102    219852   499.2s
        95       0        47  50.00%   0               inf                  inf       47      0    103    224148   508.0s
        97       0        48  50.00%   0               inf                  inf       48      0    104    229393   518.7s

        Nodes      |    B&B Tree     |            Objective Bounds              |  Dynamic Constraints |       Work
Src  Proc. InQueue |  Leaves   Expl. | BestBound       BestSol              Gap |   Cuts   InLp Confl. | LpIters     Time

        99       0        49  50.00%   0               inf                  inf       49      0    105    233420   526.9s
       101       1        50 100.00%   0               inf                  inf       50      0    106    237219   534.5s
       103       0        51 100.00%   0               inf                  inf       69      1    107    244610   553.5s
       105       0        52 100.00%   0               inf                  inf       70      1    108    249656   564.9s
       109       0        54 100.00%   0               inf                  inf       72      1    110    256948   570.1s
       113       0        56 100.00%   0               inf                  inf       74      1    112    264432   580.1s
       115       0        57 100.00%   0               inf                  inf       75      1    113    268460   585.4s
       119       0        59 100.00%   0               inf                  inf       77      1    115    276541   591.4s
       123       0        61 100.00%   0               inf                  inf       79      1    117    284801   596.6s
       125       0        62 100.00%   0               inf                  inf       80      1    118    299490   624.2s
       128       1        63 100.00%   0               inf                  inf       81      1    119    304090   629.4s
       132       1        65 100.00%   0               inf                  inf       83      1    121    312799   635.5s
       136       1        67 100.00%   0               inf                  inf       85      1    123    321481   645.2s
       138       1        68 100.00%   0               inf                  inf       86      1    124    325139   652.9s
       140       1        69 100.00%   0               inf                  inf       87      1    125    329981   663.2s
       142       1        70 100.00%   0               inf                  inf       88      1    126    333753   671.4s
       144       1        71 100.00%   0               inf                  inf       89      1    127    339664   684.3s
       146       1        72 100.00%   0               inf                  inf       90      1    128    343764   690.1s
       150       1        74 100.00%   0               inf                  inf       92      1    131    351033   695.3s
       156       1        77 100.00%   0               inf                  inf       95      1    134    360687   701.8s

        Nodes      |    B&B Tree     |            Objective Bounds              |  Dynamic Constraints |       Work
Src  Proc. InQueue |  Leaves   Expl. | BestBound       BestSol              Gap |   Cuts   InLp Confl. | LpIters     Time

       160       1        79 100.00%   0               inf                  inf       97      1    136    370336   708.4s
       164       1        81 100.00%   0               inf                  inf       99      1    138    379478   714.8s
       168       1        83 100.00%   0               inf                  inf      101      1    140    387200   720.1s
       172       1        85 100.00%   0               inf                  inf      103      1    142    396427   732.1s
       174       1        86 100.00%   0               inf                  inf      104      1    143    400144   739.9s
       176       1        87 100.00%   0               inf                  inf      105      1    144    403745   747.4s
       178       1        88 100.00%   0               inf                  inf      106      1    145    407958   756.4s
       180       1        89 100.00%   0               inf                  inf      107      1    146    411905   764.9s
       184       1        91 100.00%   0               inf                  inf      109      1    148    419016   776.3s
       186       1        92 100.00%   0               inf                  inf      110      1    149    423249   784.7s
       188       1        93 100.00%   0               inf                  inf      111      1    150    427418   794.3s
       190       1        94 100.00%   0               inf                  inf      112      1    151    431377   803.4s
       192       1        95 100.00%   0               inf                  inf      113      1    152    435048   812.0s
       194       1        96 100.00%   0               inf                  inf      114      1    153    443026   830.4s
       196       1        97 100.00%   0               inf                  inf      115      1    154    446415   837.9s
       198       1        98 100.00%   0               inf                  inf      116      1    155    450214   846.4s
       200       1        99 100.00%   0               inf                  inf      117      1    156    454282   855.4s
       202       2       100 100.00%   0               inf                  inf      117      1    157    457273   862.9s
       202       1       100 100.00%   0               inf                  inf      117      1    157    457273   868.4s
       204       1       101 100.00%   0               inf                  inf      139      2    163    463080  1149.9s

        Nodes      |    B&B Tree     |            Objective Bounds              |  Dynamic Constraints |       Work
Src  Proc. InQueue |  Leaves   Expl. | BestBound       BestSol              Gap |   Cuts   InLp Confl. | LpIters     Time

       206       1       102 100.00%   0               inf                  inf      140      2    164    467145  1157.1s
       208       1       103 100.00%   0               inf                  inf      141      2    165    471514  1167.2s
       210       1       104 100.00%   0               inf                  inf      142      2    166    475710  1177.3s
       212       1       105 100.00%   0               inf                  inf      143      2    167    480036  1187.3s
       214       1       106 100.00%   0               inf                  inf      144      2    168    484539  1198.1s
       216       1       107 100.00%   0               inf                  inf      145      2    169    489209  1208.2s
       218       1       108 100.00%   0               inf                  inf      146      2    170    493226  1216.2s
       222       1       110 100.00%   0               inf                  inf      148      2    172    502374  1223.1s
       226       1       112 100.00%   0               inf                  inf      150      2    174    510794  1228.6s
       230       1       114 100.00%   0               inf                  inf      152      2    177    519331  1234.2s
       234       1       116 100.00%   0               inf                  inf      154      2    179    527955  1239.7s
       238       1       118 100.00%   0               inf                  inf      156      2    182    536904  1247.5s
       240       1       119 100.00%   0               inf                  inf      157      2    183    541183  1256.0s
       242       1       120 100.00%   0               inf                  inf      158      2    184    545374  1264.3s
       244       1       121 100.00%   0               inf                  inf      159      2    185    549781  1272.9s
       246       1       122 100.00%   0               inf                  inf      160      2    186    554470  1282.0s
       247       0       123 100.00%   0               inf                  inf      161      2    188    631035  1290.2s
       249       0       124 100.00%   0               inf                  inf      162      2    189    635292  1297.5s
       251       0       125 100.00%   0               inf                  inf      163      2    190    658526  1315.6s
       253       0       126 100.00%   0               inf                  inf      164      2    191    673473  1325.1s

        Nodes      |    B&B Tree     |            Objective Bounds              |  Dynamic Constraints |       Work
Src  Proc. InQueue |  Leaves   Expl. | BestBound       BestSol              Gap |   Cuts   InLp Confl. | LpIters     Time

       255       0       127 100.00%   0               inf                  inf      165      2    192    696892  1340.7s
       259       0       129 100.00%   0               inf                  inf      167      2    194    711523  1350.4s
       261       0       130 100.00%   0               inf                  inf      168      2    195    722408  1357.8s
       265       0       132 100.00%   0               inf                  inf      170      2    197    734194  1365.7s
       269       0       134 100.00%   0               inf                  inf      172      2    199    744573  1372.9s
       275       0       137 100.00%   0               inf                  inf      175      2    202    755214  1380.1s
       279       0       139 100.00%   0               inf                  inf      177      2    204    763580  1385.8s
       285       0       142 100.00%   0               inf                  inf      180      2    208    776034  1394.4s
       289       0       144 100.00%   0               inf                  inf      182      2    211    783456  1399.8s
       293       0       146 100.00%   0               inf                  inf      184      2    213    810355  1425.1s
       295       0       147 100.00%   0               inf                  inf      185      2    214    817417  1431.4s
       299       0       149 100.00%   0               inf                  inf      187      2    217    826496  1439.5s
       301       0       150 100.00%   0               inf                  inf      188      2    218    832898  1445.1s
       305       0       152 100.00%   0               inf                  inf      190      2    220    842732  1453.1s
       309       0       154 100.00%   0               inf                  inf      192      2    222    849873  1459.3s
       313       0       156 100.00%   0               inf                  inf      194      2    224    856518  1464.7s
       317       0       158 100.00%   0               inf                  inf      196      2    226    864920  1470.9s
       321       0       160 100.00%   0               inf                  inf      198      2    228    891478  1491.4s
       327       0       163 100.00%   0               inf                  inf      201      2    231    900678  1497.1s
       331       0       165 100.00%   0               inf                  inf      203      2    234    909066  1502.8s

        Nodes      |    B&B Tree     |            Objective Bounds              |  Dynamic Constraints |       Work
Src  Proc. InQueue |  Leaves   Expl. | BestBound       BestSol              Gap |   Cuts   InLp Confl. | LpIters     Time

       335       0       167 100.00%   0               inf                  inf      205      2    236    916642  1508.7s
       339       0       169 100.00%   0               inf                  inf      207      2    238    926092  1517.2s
       343       0       171 100.00%   0               inf                  inf      209      2    240    935607  1528.1s
       345       0       172 100.00%   0               inf                  inf      210      2    241    942962  1536.5s
       349       0       174 100.00%   0               inf                  inf      212      2    243    949369  1544.5s
       353       0       176 100.00%   0               inf                  inf      214      2    245    957507  1553.2s
       357       0       178 100.00%   0               inf                  inf      216      2    247    964138  1560.8s
       361       0       180 100.00%   0               inf                  inf      218      2    249    970479  1568.1s
       365       0       182 100.00%   0               inf                  inf      220      2    251    980665  1578.4s
       369       0       184 100.00%   0               inf                  inf      222      2    253    990149  1587.6s
       373       0       186 100.00%   0               inf                  inf      224      2    255    996548  1593.9s
       377       0       188 100.00%   0               inf                  inf      226      2    258     1003k  1600.9s
       381       0       190 100.00%   0               inf                  inf      228      2    260     1008k  1606.3s
       385       0       192 100.00%   0               inf                  inf      230      2    262     1015k  1613.3s
       389       0       194 100.00%   0               inf                  inf      232      2    264     1022k  1621.0s
       391       0       195 100.00%   0               inf                  inf      233      2    265     1027k  1626.2s
       395       0       197 100.00%   0               inf                  inf      235      2    267     1036k  1637.4s
       397       0       198 100.00%   0               inf                  inf      236      2    268     1040k  1642.6s
       399       0       199 100.00%   0               inf                  inf      237      2    269     1045k  1647.6s
       403       0       201 100.00%   0               inf                  inf      239      2    271     1057k  1660.3s

        Nodes      |    B&B Tree     |            Objective Bounds              |  Dynamic Constraints |       Work
Src  Proc. InQueue |  Leaves   Expl. | BestBound       BestSol              Gap |   Cuts   InLp Confl. | LpIters     Time

       407       0       203 100.00%   0               inf                  inf      241      2    273     1064k  1668.2s
       411       0       205 100.00%   0               inf                  inf      243      2    275     1070k  1673.4s
       415       0       207 100.00%   0               inf                  inf      245      2    277     1079k  1680.3s
       417       0       208 100.00%   0               inf                  inf      246      2    278     1092k  1689.4s
       421       0       210 100.00%   0               inf                  inf      248      2    281     1099k  1697.3s
       425       0       212 100.00%   0               inf                  inf      250      2    283     1106k  1704.9s
       427       0       213 100.00%   0               inf                  inf      251      2    284     1110k  1710.4s
       431       0       215 100.00%   0               inf                  inf      253      2    286     1117k  1716.4s
       435       0       217 100.00%   0               inf                  inf      255      2    288     1124k  1722.0s
       439       0       219 100.00%   0               inf                  inf      257      2    290     1130k  1727.4s
       443       0       221 100.00%   0               inf                  inf      259      2    292     1137k  1733.1s
       449       0       224 100.00%   0               inf                  inf      235      3    295     1148k  1739.6s
       453       0       226 100.00%   0               inf                  inf      237      3    297     1157k  1749.0s
       455       0       227 100.00%   0               inf                  inf      238      3    298     1162k  1756.2s
       459       0       229 100.00%   0               inf                  inf      240      3    300     1168k  1763.1s
       463       0       231 100.00%   0               inf                  inf      242      3    302     1175k  1770.1s
       467       0       233 100.00%   0               inf                  inf      244      3    304     1182k  1776.1s
       471       0       235 100.00%   0               inf                  inf      246      3    307     1188k  1782.0s
       476       0       237 100.00%   0               inf                  inf      248      3    309     1197k  1789.9s
       480       0       239 100.00%   0               inf                  inf      250      3    311     1204k  1795.3s

        Nodes      |    B&B Tree     |            Objective Bounds              |  Dynamic Constraints |       Work
Src  Proc. InQueue |  Leaves   Expl. | BestBound       BestSol              Gap |   Cuts   InLp Confl. | LpIters     Time

       484       0       241 100.00%   0               inf                  inf      252      3    313     1211k  1801.7s
       488       0       243 100.00%   0               inf                  inf      254      3    315     1220k  1809.0s
       492       0       245 100.00%   0               inf                  inf      256      3    317     1227k  1815.8s
       495       0       247 100.00%   0               inf                  inf      258      3    320     1235k  1822.3s
       499       0       249 100.00%   0               inf                  inf      260      3    323     1241k  1828.2s
       503       0       251 100.00%   0               inf                  inf      262      3    325     1249k  1835.0s
       507       0       253 100.00%   0               inf                  inf      264      3    327     1258k  1842.0s
       511       0       255 100.00%   0               inf                  inf      266      3    329     1265k  1848.7s
       515       0       257 100.00%   0               inf                  inf      268      3    331     1272k  1855.0s
       519       0       259 100.00%   0               inf                  inf      270      3    333     1279k  1860.5s
       523       0       261 100.00%   0               inf                  inf      272      3    335     1285k  1866.3s
       527       0       263 100.00%   0               inf                  inf      274      3    337     1293k  1873.5s
       531       0       265 100.00%   0               inf                  inf      276      3    339     1301k  1879.9s
       535       0       267 100.00%   0               inf                  inf      278      3    342     1308k  1886.3s
       539       0       269 100.00%   0               inf                  inf      280      3    344     1317k  1894.0s
       543       0       271 100.00%   0               inf                  inf      282      3    346     1324k  1899.7s
       547       1       273 100.00%   0               inf                  inf      284      3    348     1332k  1906.5s
       551       0       275 100.00%   0               inf                  inf      275      3    350     1341k  1915.1s
       555       0       277 100.00%   0               inf                  inf      277      3    352     1349k  1922.6s
       559       0       279 100.00%   0               inf                  inf      279      3    354     1356k  1928.2s

        Nodes      |    B&B Tree     |            Objective Bounds              |  Dynamic Constraints |       Work
Src  Proc. InQueue |  Leaves   Expl. | BestBound       BestSol              Gap |   Cuts   InLp Confl. | LpIters     Time

       563       0       281 100.00%   0               inf                  inf      281      3    356     1365k  1935.8s
       567       0       283 100.00%   0               inf                  inf      283      3    359     1371k  1941.3s
       571       0       285 100.00%   0               inf                  inf      285      3    361     1378k  1947.8s
       575       0       287 100.00%   0               inf                  inf      287      3    363     1385k  1953.6s
       579       0       289 100.00%   0               inf                  inf      289      3    365     1391k  1959.3s
       583       0       291 100.00%   0               inf                  inf      291      3    367     1397k  1964.5s
       589       0       294 100.00%   0               inf                  inf      294      3    370     1406k  1972.7s
       593       0       296 100.00%   0               inf                  inf      296      3    372     1413k  1978.4s
       597       0       298 100.00%   0               inf                  inf      298      3    374     1420k  1984.1s
       601       0       300 100.00%   0               inf                  inf      300      3    376     1427k  1990.9s
       605       0       302 100.00%   0               inf                  inf      302      3    378     1434k  1996.3s
       609       0       304 100.00%   0               inf                  inf      304      3    380     1440k  2002.1s
       613       0       306 100.00%   0               inf                  inf      306      3    383     1447k  2007.9s
       617       0       308 100.00%   0               inf                  inf      308      3    385     1452k  2013.2s
       620       0       309 100.00%   0               inf                  inf      309      3    386     1460k  2019.7s
       624       0       311 100.00%   0               inf                  inf      311      3    391     1468k  2026.8s
       628       0       313 100.00%   0               inf                  inf      313      3    398     1476k  2033.7s
       632       0       315 100.00%   0               inf                  inf      315      3    406     1484k  2040.0s
       635       0       317 100.00%   0               inf                  inf      317      3    408     1489k  2047.3s
       637       0       318 100.00%   0               inf                  inf      318      3    409     1492k  2053.0s

        Nodes      |    B&B Tree     |            Objective Bounds              |  Dynamic Constraints |       Work
Src  Proc. InQueue |  Leaves   Expl. | BestBound       BestSol              Gap |   Cuts   InLp Confl. | LpIters     Time

       643       0       321 100.00%   0               inf                  inf      321      3    412     1501k  2060.6s
       647       1       323 100.00%   0               inf                  inf      323      3    414     1507k  2066.9s
       649       0       324 100.00%   0               inf                  inf      307      3    415     1511k  2073.7s
       651       0       325 100.00%   0               inf                  inf      308      3    416     1514k  2079.2s
       653       0       326 100.00%   0               inf                  inf      309      3    417     1518k  2084.2s
       655       0       327 100.00%   0               inf                  inf      310      3    418     1524k  2094.5s
       659       0       329 100.00%   0               inf                  inf      312      3    421     1530k  2100.7s
       663       0       331 100.00%   0               inf                  inf      314      3    423     1537k  2107.9s
       669       0       334 100.00%   0               inf                  inf      317      3    426     1545k  2114.6s
       673       0       336 100.00%   0               inf                  inf      319      3    428     1552k  2120.0s
       677       0       338 100.00%   0               inf                  inf      321      3    431     1559k  2126.1s
       681       0       340 100.00%   0               inf                  inf      323      3    434     1565k  2131.2s
       685       0       342 100.00%   0               inf                  inf      325      3    437     1572k  2136.6s
       689       0       344 100.00%   0               inf                  inf      327      3    439     1579k  2142.8s
       693       0       346 100.00%   0               inf                  inf      329      3    442     1585k  2148.2s
       697       0       348 100.00%   0               inf                  inf      331      3    444     1592k  2154.5s
       701       0       350 100.00%   0               inf                  inf      333      3    446     1598k  2160.4s
       705       0       352 100.00%   0               inf                  inf      335      3    448     1607k  2168.4s
       709       0       354 100.00%   0               inf                  inf      337      3    450     1614k  2174.7s
       715       0       357 100.00%   0               inf                  inf      340      3    453     1625k  2182.6s

        Nodes      |    B&B Tree     |            Objective Bounds              |  Dynamic Constraints |       Work
Src  Proc. InQueue |  Leaves   Expl. | BestBound       BestSol              Gap |   Cuts   InLp Confl. | LpIters     Time

       719       0       359 100.00%   0               inf                  inf      342      3    455     1632k  2188.8s
       724       0       361 100.00%   0               inf                  inf      344      3    461     1640k  2195.8s
       728       0       363 100.00%   0               inf                  inf      346      3    464     1648k  2201.6s
       732       0       365 100.00%   0               inf                  inf      348      3    471     1655k  2208.4s
       737       0       368 100.00%   0               inf                  inf      350      3    477     1661k  2214.1s
       741       0       370 100.00%   0               inf                  inf      352      3    480     1669k  2219.5s
       745       0       372 100.00%   0               inf                  inf      354      3    483     1675k  2224.6s
       749       0       374 100.00%   0               inf                  inf      333      3    485     1686k  2234.2s
       753       0       376 100.00%   0               inf                  inf      335      3    487     1694k  2241.5s
       759       0       379 100.00%   0               inf                  inf      338      3    490     1708k  2250.6s
       763       0       381 100.00%   0               inf                  inf      340      3    493     1715k  2256.6s
       765       0       382 100.00%   0               inf                  inf      341      3    494     1725k  2265.4s
       769       0       384 100.00%   0               inf                  inf      343      3    497     1736k  2273.6s
       773       0       386 100.00%   0               inf                  inf      345      3    500     1743k  2279.6s
       775       0       387 100.00%   0               inf                  inf      346      3    501     1750k  2286.4s
       779       0       389 100.00%   0               inf                  inf      348      3    504     1759k  2293.7s
       781       0       390 100.00%   0               inf                  inf      349      3    505     1767k  2300.1s
       785       0       392 100.00%   0               inf                  inf      351      3    507     1776k  2308.1s
       789       0       394 100.00%   0               inf                  inf      353      3    510     1783k  2313.4s
       793       0       396 100.00%   0               inf                  inf      355      3    513     1791k  2319.6s

        Nodes      |    B&B Tree     |            Objective Bounds              |  Dynamic Constraints |       Work
Src  Proc. InQueue |  Leaves   Expl. | BestBound       BestSol              Gap |   Cuts   InLp Confl. | LpIters     Time

       797       0       398 100.00%   0               inf                  inf      357      3    516     1799k  2325.8s
       801       0       400 100.00%   0               inf                  inf      359      3    518     1805k  2331.2s
       805       0       402 100.00%   0               inf                  inf      361      3    521     1813k  2338.2s
       809       0       404 100.00%   0               inf                  inf      363      3    523     1822k  2346.8s
       813       0       406 100.00%   0               inf                  inf      365      3    526     1831k  2353.3s
       817       0       408 100.00%   0               inf                  inf      367      3    528     1840k  2360.2s
       821       0       410 100.00%   0               inf                  inf      369      3    530     1850k  2368.1s
       825       0       412 100.00%   0               inf                  inf      371      3    532     1858k  2374.3s
       829       0       414 100.00%   0               inf                  inf      373      3    534     1865k  2380.6s
       833       0       416 100.00%   0               inf                  inf      375      3    536     1874k  2387.4s
       839       0       419 100.00%   0               inf                  inf      378      3    539     1885k  2394.1s
       843       0       421 100.00%   0               inf                  inf      380      3    541     1893k  2399.3s
       847       1       423 100.00%   0               inf                  inf      382      3    543     1902k  2405.1s
       849       0       424 100.00%   0               inf                  inf      374      4    548     1907k  2490.0s
       855       0       427 100.00%   0               inf                  inf      377      4    552     1918k  2496.6s
       861       0       430 100.00%   0               inf                  inf      380      4    555     1929k  2503.8s
       867       0       433 100.00%   0               inf                  inf      383      4    558     1941k  2510.7s
       873       0       436 100.00%   0               inf                  inf      386      4    561     1950k  2516.7s
       877       0       438 100.00%   0               inf                  inf      388      4    563     1959k  2522.2s
       883       0       441 100.00%   0               inf                  inf      391      4    566     1969k  2528.2s

        Nodes      |    B&B Tree     |            Objective Bounds              |  Dynamic Constraints |       Work
Src  Proc. InQueue |  Leaves   Expl. | BestBound       BestSol              Gap |   Cuts   InLp Confl. | LpIters     Time

       889       0       444 100.00%   0               inf                  inf      394      4    570     1978k  2534.0s
       895       0       447 100.00%   0               inf                  inf      396      4    573     1986k  2539.1s
       901       0       450 100.00%   0               inf                  inf      399      4    576     1996k  2544.8s
       907       0       453 100.00%   0               inf                  inf      402      4    581     2005k  2550.5s
       913       0       456 100.00%   0               inf                  inf      405      4    585     2016k  2557.4s
       919       0       459 100.00%   0               inf                  inf      408      4    589     2027k  2564.0s
       925       0       462 100.00%   0               inf                  inf      411      4    593     2035k  2569.4s
       931       0       465 100.00%   0               inf                  inf      414      4    596     2050k  2578.2s
       937       0       468 100.00%   0               inf                  inf      417      4    601     2060k  2584.5s
       943       0       471 100.00%   0               inf                  inf      420      4    606     2070k  2590.9s
       947       1       473 100.00%   0               inf                  inf      422      4    608     2162k  2599.0s
       951       0       475 100.00%   0               inf                  inf      404      2    612     2168k  2604.1s
       955       0       477 100.00%   0               inf                  inf      406      2    614     2177k  2609.2s
       961       0       480 100.00%   0               inf                  inf      409      2    618     2187k  2615.5s
       967       0       483 100.00%   0               inf                  inf      412      2    621     2200k  2622.7s
       973       0       486 100.00%   0               inf                  inf      415      2    625     2211k  2630.7s
       977       0       488 100.00%   0               inf                  inf      417      2    627     2218k  2636.1s
       981       0       490 100.00%   0               inf                  inf      419      2    629     2226k  2642.4s
       985       0       492 100.00%   0               inf                  inf      421      2    631     2233k  2647.9s
       989       0       494 100.00%   0               inf                  inf      423      2    633     2240k  2656.3s

        Nodes      |    B&B Tree     |            Objective Bounds              |  Dynamic Constraints |       Work
Src  Proc. InQueue |  Leaves   Expl. | BestBound       BestSol              Gap |   Cuts   InLp Confl. | LpIters     Time

       993       0       496 100.00%   0               inf                  inf      425      2    635     2247k  2663.1s
       999       0       499 100.00%   0               inf                  inf      428      2    639     2258k  2670.9s
      1003       0       501 100.00%   0               inf                  inf      430      2    642     2264k  2676.7s
      1007       0       503 100.00%   0               inf                  inf      432      2    645     2272k  2683.0s
      1011       0       505 100.00%   0               inf                  inf      434      2    647     2279k  2688.3s
      1015       0       507 100.00%   0               inf                  inf      436      2    649     2286k  2694.9s
      1019       0       509 100.00%   0               inf                  inf      438      2    652     2295k  2701.0s
      1023       0       511 100.00%   0               inf                  inf      440      2    654     2303k  2706.3s
      1027       0       513 100.00%   0               inf                  inf      442      2    656     2310k  2712.0s
      1031       0       515 100.00%   0               inf                  inf      444      2    658     2318k  2717.2s
      1035       0       517 100.00%   0               inf                  inf      446      2    660     2327k  2722.9s
      1039       0       519 100.00%   0               inf                  inf      448      2    662     2336k  2728.6s
      1043       0       521 100.00%   0               inf                  inf      450      2    664     2344k  2733.7s
      1047       0       523 100.00%   0               inf                  inf      452      2    667     2351k  2739.3s
      1051       0       525 100.00%   0               inf                  inf      439      3    669     2359k  2744.4s
      1057       0       528 100.00%   0               inf                  inf      442      3    674     2369k  2751.4s
      1063       0       531 100.00%   0               inf                  inf      445      3    678     2380k  2758.2s
      1069       0       534 100.00%   0               inf                  inf      448      3    682     2390k  2764.7s
      1075       0       537 100.00%   0               inf                  inf      451      3    687     2401k  2771.4s
      1081       0       540 100.00%   0               inf                  inf      454      3    692     2410k  2777.6s

        Nodes      |    B&B Tree     |            Objective Bounds              |  Dynamic Constraints |       Work
Src  Proc. InQueue |  Leaves   Expl. | BestBound       BestSol              Gap |   Cuts   InLp Confl. | LpIters     Time

      1087       0       543 100.00%   0               inf                  inf      457      3    696     2421k  2784.0s
      1093       0       546 100.00%   0               inf                  inf      460      3    701     2431k  2791.0s
      1099       0       549 100.00%   0               inf                  inf      463      3    707     2441k  2797.0s
      1105       0       552 100.00%   0               inf                  inf      466      3    712     2452k  2804.0s
      1109       0       554 100.00%   0               inf                  inf      468      3    715     2469k  2814.4s
      1115       0       557 100.00%   0               inf                  inf      471      3    719     2479k  2820.8s
      1119       0       559 100.00%   0               inf                  inf      473      3    722     2489k  2826.7s
      1123       0       561 100.00%   0               inf                  inf      475      3    725     2500k  2833.5s
      1127       0       563 100.00%   0               inf                  inf      477      3    727     2508k  2839.1s
      1131       0       565 100.00%   0               inf                  inf      479      3    730     2517k  2844.7s
      1135       0       567 100.00%   0               inf                  inf      481      3    733     2527k  2850.9s
      1139       0       569 100.00%   0               inf                  inf      483      3    736     2539k  2858.4s
      1143       0       571 100.00%   0               inf                  inf      485      3    738     2549k  2865.1s
      1147       1       573 100.00%   0               inf                  inf      487      3    740     2560k  2872.0s
      1151       0       575 100.00%   0               inf                  inf      469      4    744     2568k  2877.8s
      1157       0       578 100.00%   0               inf                  inf      472      4    750     2577k  2884.2s
      1163       0       581 100.00%   0               inf                  inf      475      4    755     2586k  2889.9s
      1169       0       584 100.00%   0               inf                  inf      478      4    758     2597k  2896.6s
      1175       0       587 100.00%   0               inf                  inf      481      4    762     2605k  2902.3s
      1181       0       590 100.00%   0               inf                  inf      484      4    767     2614k  2908.2s

        Nodes      |    B&B Tree     |            Objective Bounds              |  Dynamic Constraints |       Work
Src  Proc. InQueue |  Leaves   Expl. | BestBound       BestSol              Gap |   Cuts   InLp Confl. | LpIters     Time

      1187       0       593 100.00%   0               inf                  inf      487      4    772     2627k  2916.2s
      1193       0       596 100.00%   0               inf                  inf      490      4    776     2642k  2925.8s
      1199       0       599 100.00%   0               inf                  inf      493      4    781     2652k  2932.9s
      1205       0       602 100.00%   0               inf                  inf      496      4    785     2664k  2940.4s
      1211       0       605 100.00%   0               inf                  inf      499      4    789     2675k  2947.8s
      1215       0       607 100.00%   0               inf                  inf      501      4    791     2683k  2953.1s
      1219       0       609 100.00%   0               inf                  inf      503      4    794     2691k  2958.8s
      1223       0       611 100.00%   0               inf                  inf      505      4    798     2700k  2964.6s
      1227       0       613 100.00%   0               inf                  inf      507      4    801     2708k  2970.0s
      1233       0       616 100.00%   0               inf                  inf      510      4    804     2722k  2978.4s
      1237       0       618 100.00%   0               inf                  inf      512      4    807     2730k  2984.0s
      1241       0       620 100.00%   0               inf                  inf      514      4    810     2738k  2989.2s
      1247       1       623 100.00%   0               inf                  inf      517      4    814     2749k  2996.8s
      1251       0       625 100.00%   0               inf                  inf      493      4    816     2760k  3004.5s
      1257       0       628 100.00%   0               inf                  inf      496      4    821     2770k  3011.0s
      1261       0       630 100.00%   0               inf                  inf      498      4    823     2779k  3016.7s
      1267       0       633 100.00%   0               inf                  inf      501      4    828     2788k  3022.7s
      1273       0       636 100.00%   0               inf                  inf      504      4    832     2797k  3028.9s
      1279       0       639 100.00%   0               inf                  inf      507      4    837     2806k  3034.5s
      1285       0       642 100.00%   0               inf                  inf      510      4    843     2814k  3040.2s

        Nodes      |    B&B Tree     |            Objective Bounds              |  Dynamic Constraints |       Work
Src  Proc. InQueue |  Leaves   Expl. | BestBound       BestSol              Gap |   Cuts   InLp Confl. | LpIters     Time

      1289       0       644 100.00%   0               inf                  inf      512      4    845     2825k  3047.2s
      1295       0       647 100.00%   0               inf                  inf      515      4    849     2835k  3053.6s
      1301       0       650 100.00%   0               inf                  inf      518      4    854     2846k  3060.6s
      1307       0       653 100.00%   0               inf                  inf      521      4    859     2855k  3066.9s
      1313       0       656 100.00%   0               inf                  inf      524      4    864     2867k  3074.6s
      1317       0       658 100.00%   0               inf                  inf      526      4    867     2876k  3080.1s
      1323       0       661 100.00%   0               inf                  inf      529      4    873     2884k  3085.9s
      1329       0       664 100.00%   0               inf                  inf      532      4    880     2893k  3091.6s
      1335       0       667 100.00%   0               inf                  inf      535      4    886     2903k  3098.0s
      1341       0       670 100.00%   0               inf                  inf      538      4    892     2912k  3104.2s
      1347       1       673 100.00%   0               inf                  inf      541      4    895     2924k  3111.9s
      1351       0       675 100.00%   0               inf                  inf      519      4    899     2930k  3117.3s
      1357       0       678 100.00%   0               inf                  inf      522      4    905     2940k  3123.7s
      1363       0       681 100.00%   0               inf                  inf      525      4    910     2950k  3130.3s
      1369       0       684 100.00%   0               inf                  inf      527      4    914     2961k  3137.1s
      1375       0       687 100.00%   0               inf                  inf      530      4    919     2973k  3145.5s
      1381       0       690 100.00%   0               inf                  inf      533      4    922     2984k  3152.5s
      1387       0       693 100.00%   0               inf                  inf      536      4    928     2994k  3159.2s
      1391       0       695 100.00%   0               inf                  inf      538      4    930     3002k  3165.1s
      1395       0       697 100.00%   0               inf                  inf      540      4    934     3010k  3171.3s

        Nodes      |    B&B Tree     |            Objective Bounds              |  Dynamic Constraints |       Work
Src  Proc. InQueue |  Leaves   Expl. | BestBound       BestSol              Gap |   Cuts   InLp Confl. | LpIters     Time

      1399       0       699 100.00%   0               inf                  inf      542      4    938     3020k  3178.1s
      1403       0       701 100.00%   0               inf                  inf      544      4    940     3028k  3183.3s
      1407       0       703 100.00%   0               inf                  inf      546      4    944     3035k  3188.3s
      1413       0       706 100.00%   0               inf                  inf      549      4    948     3045k  3194.4s
      1417       0       708 100.00%   0               inf                  inf      551      4    952     3053k  3199.8s
      1423       0       711 100.00%   0               inf                  inf      554      4    957     3064k  3206.9s
      1429       0       714 100.00%   0               inf                  inf      557      4    961     3074k  3213.7s
      1435       0       717 100.00%   0               inf                  inf      560      4    967     3085k  3220.7s
      1439       0       719 100.00%   0               inf                  inf      562      4    973     3092k  3225.7s
      1443       0       721 100.00%   0               inf                  inf      564      4    977     3101k  3231.5s
      1447       1       723 100.00%   0               inf                  inf      566      4    981     3109k  3236.5s
      1451       0       725 100.00%   0               inf                  inf      544      4    984     3117k  3242.7s
      1457       0       728 100.00%   0               inf                  inf      547      4    988     3126k  3248.8s
      1463       0       731 100.00%   0               inf                  inf      550      4    992     3135k  3254.7s
      1467       0       733 100.00%   0               inf                  inf      552      4    995     3143k  3260.8s
      1473       0       736 100.00%   0               inf                  inf      555      4    998     3154k  3268.0s
      1479       0       739 100.00%   0               inf                  inf      558      4   1003     3164k  3274.8s
      1485       0       742 100.00%   0               inf                  inf      561      4   1007     3174k  3281.2s
      1489       0       744 100.00%   0               inf                  inf      563      4   1009     3182k  3286.6s
      1493       0       746 100.00%   0               inf                  inf      565      4   1012     3191k  3292.9s

        Nodes      |    B&B Tree     |            Objective Bounds              |  Dynamic Constraints |       Work
Src  Proc. InQueue |  Leaves   Expl. | BestBound       BestSol              Gap |   Cuts   InLp Confl. | LpIters     Time

      1497       0       748 100.00%   0               inf                  inf      567      4   1016     3199k  3298.1s
      1503       0       751 100.00%   0               inf                  inf      570      4   1019     3210k  3306.0s
      1507       0       753 100.00%   0               inf                  inf      572      4   1023     3222k  3313.9s
      1513       0       756 100.00%   0               inf                  inf      575      4   1027     3233k  3321.5s
      1519       0       759 100.00%   0               inf                  inf      578      4   1032     3244k  3328.8s
      1525       0       762 100.00%   0               inf                  inf      581      4   1037     3253k  3334.8s
      1529       0       764 100.00%   0               inf                  inf      583      4   1039     3261k  3339.9s
      1535       0       767 100.00%   0               inf                  inf      586      4   1044     3271k  3346.8s
      1541       0       770 100.00%   0               inf                  inf      589      4   1047     3283k  3354.2s
      1545       0       772 100.00%   0               inf                  inf      591      4   1049     3291k  3359.9s
      1549       0       774 100.00%   0               inf                  inf      550      4   1052     3298k  3365.5s
      1555       0       777 100.00%   0               inf                  inf      553      4   1055     3310k  3373.1s
      1561       0       780 100.00%   0               inf                  inf      556      4   1058     3321k  3380.5s
      1567       0       783 100.00%   0               inf                  inf      559      4   1061     3331k  3387.0s
      1573       0       786 100.00%   0               inf                  inf      562      4   1065     3342k  3394.3s
      1579       0       789 100.00%   0               inf                  inf      565      4   1068     3354k  3401.6s
      1583       0       791 100.00%   0               inf                  inf      567      4   1071     3362k  3407.0s
      1587       0       793 100.00%   0               inf                  inf      569      4   1073     3370k  3413.4s
      1591       0       795 100.00%   0               inf                  inf      571      4   1075     3377k  3418.6s
      1595       0       797 100.00%   0               inf                  inf      573      4   1078     3390k  3426.3s

        Nodes      |    B&B Tree     |            Objective Bounds              |  Dynamic Constraints |       Work
Src  Proc. InQueue |  Leaves   Expl. | BestBound       BestSol              Gap |   Cuts   InLp Confl. | LpIters     Time

      1601       0       800 100.00%   0               inf                  inf      576      4   1081     3400k  3433.4s
      1607       0       803 100.00%   0               inf                  inf      579      4   1085     3410k  3439.6s
      1613       0       806 100.00%   0               inf                  inf      582      4   1088     3421k  3446.8s
      1617       0       808 100.00%   0               inf                  inf      584      4   1090     3430k  3452.4s
      1623       0       811 100.00%   0               inf                  inf      587      4   1093     3441k  3460.2s
      1629       0       814 100.00%   0               inf                  inf      590      4   1096     3450k  3466.0s
      1635       0       817 100.00%   0               inf                  inf      593      4   1099     3460k  3472.6s
      1641       0       820 100.00%   0               inf                  inf      596      4   1102     3470k  3479.1s
      1647       1       823 100.00%   0               inf                  inf      599      4   1106     3480k  3485.8s
      1649       0       824 100.00%   0               inf                  inf      567      4   1109     3483k  3682.7s
      1655       0       827 100.00%   0               inf                  inf      570      4   1112     3493k  3688.9s
      1661       0       830 100.00%   0               inf                  inf      573      4   1115     3503k  3695.8s
      1667       0       833 100.00%   0               inf                  inf      576      4   1118     3512k  3701.5s
      1671       0       835 100.00%   0               inf                  inf      578      4   1120     3521k  3707.4s
      1675       0       837 100.00%   0               inf                  inf      580      4   1122     3529k  3712.6s
      1681       0       840 100.00%   0               inf                  inf      583      4   1125     3540k  3719.7s
      1687       0       843 100.00%   0               inf                  inf      586      4   1129     3550k  3726.7s
      1691       0       845 100.00%   0               inf                  inf      588      4   1131     3558k  3731.9s
      1697       0       848 100.00%   0               inf                  inf      591      4   1135     3569k  3739.0s
      1703       0       851 100.00%   0               inf                  inf      594      4   1138     3579k  3745.6s

        Nodes      |    B&B Tree     |            Objective Bounds              |  Dynamic Constraints |       Work
Src  Proc. InQueue |  Leaves   Expl. | BestBound       BestSol              Gap |   Cuts   InLp Confl. | LpIters     Time

      1709       0       854 100.00%   0               inf                  inf      597      4   1141     3589k  3752.3s
      1713       0       856 100.00%   0               inf                  inf      599      4   1143     3597k  3757.5s
      1719       0       859 100.00%   0               inf                  inf      602      4   1146     3608k  3764.4s
      1725       0       862 100.00%   0               inf                  inf      605      4   1149     3618k  3771.4s
      1729       0       864 100.00%   0               inf                  inf      607      4   1151     3626k  3776.4s
      1735       0       867 100.00%   0               inf                  inf      610      4   1154     3637k  3783.4s
      1741       0       870 100.00%   0               inf                  inf      613      4   1157     3646k  3789.3s
      1747       1       873 100.00%   0               inf                  inf      616      4   1160     3896k  3795.8s
      1751       0       875 100.00%   0               inf                  inf      576      4   1162     3903k  3801.8s
      1757       0       878 100.00%   0               inf                  inf      579      4   1166     3913k  3808.2s
      1763       0       881 100.00%   0               inf                  inf      582      4   1170     3924k  3815.0s
      1769       0       884 100.00%   0               inf                  inf      585      4   1175     3933k  3821.1s
      1775       0       887 100.00%   0               inf                  inf      588      4   1178     3942k  3827.3s
      1779       0       889 100.00%   0               inf                  inf      590      4   1180     3951k  3833.0s
      1785       0       892 100.00%   0               inf                  inf      593      4   1183     3961k  3839.7s
      1791       0       895 100.00%   0               inf                  inf      596      4   1188     3971k  3846.5s
      1797       0       898 100.00%   0               inf                  inf      599      4   1191     3981k  3852.5s
      1803       0       901 100.00%   0               inf                  inf      602      4   1195     3991k  3860.0s
      1809       0       904 100.00%   0               inf                  inf      605      4   1199     4003k  3867.9s
      1815       0       907 100.00%   0               inf                  inf      608      4   1202     4014k  3875.1s

        Nodes      |    B&B Tree     |            Objective Bounds              |  Dynamic Constraints |       Work
Src  Proc. InQueue |  Leaves   Expl. | BestBound       BestSol              Gap |   Cuts   InLp Confl. | LpIters     Time

      1821       0       910 100.00%   0               inf                  inf      611      4   1205     4023k  3881.3s
      1827       0       913 100.00%   0               inf                  inf      614      4   1208     4033k  3887.7s
      1833       0       916 100.00%   0               inf                  inf      617      4   1211     4043k  3894.8s
      1839       0       919 100.00%   0               inf                  inf      620      4   1214     4053k  3901.2s
      1845       0       922 100.00%   0               inf                  inf      623      4   1217     4063k  3908.0s
      1849       0       924 100.00%   0               inf                  inf      584      5   1220     4071k  3914.1s
      1855       0       927 100.00%   0               inf                  inf      587      5   1224     4080k  3919.9s
      1861       0       930 100.00%   0               inf                  inf      590      5   1227     4091k  3927.7s
      1867       0       933 100.00%   0               inf                  inf      593      5   1231     4100k  3933.8s
      1873       0       936 100.00%   0               inf                  inf      596      5   1234     4110k  3939.9s
      1879       0       939 100.00%   0               inf                  inf      599      5   1238     4120k  3946.7s
      1883       0       941 100.00%   0               inf                  inf      601      5   1241     4128k  3952.3s
      1887       0       943 100.00%   0               inf                  inf      603      5   1243     4137k  3958.2s
      1891       0       945 100.00%   0               inf                  inf      605      5   1245     4145k  3963.8s
      1895       0       947 100.00%   0               inf                  inf      607      5   1248     4153k  3969.2s
      1899       0       949 100.00%   0               inf                  inf      609      5   1250     4163k  3975.5s
      1903       0       951 100.00%   0               inf                  inf      611      5   1252     4173k  3982.4s
      1907       0       953 100.00%   0               inf                  inf      613      5   1254     4181k  3987.6s
      1911       0       955 100.00%   0               inf                  inf      615      5   1257     4189k  3993.1s
      1915       0       957 100.00%   0               inf                  inf      617      5   1259     4196k  3998.2s

        Nodes      |    B&B Tree     |            Objective Bounds              |  Dynamic Constraints |       Work
Src  Proc. InQueue |  Leaves   Expl. | BestBound       BestSol              Gap |   Cuts   InLp Confl. | LpIters     Time

      1919       0       959 100.00%   0               inf                  inf      619      5   1261     4204k  4003.2s
      1923       0       961 100.00%   0               inf                  inf      621      5   1263     4212k  4008.6s
      1927       0       963 100.00%   0               inf                  inf      623      5   1265     4221k  4014.5s
      1931       0       965 100.00%   0               inf                  inf      625      5   1268     4230k  4020.5s
      1935       0       967 100.00%   0               inf                  inf      627      5   1270     4239k  4026.5s
      1939       0       969 100.00%   0               inf                  inf      629      5   1272     4247k  4031.9s
      1945       0       972 100.00%   0               inf                  inf      632      5   1275     4258k  4039.8s
      1949       0       974 100.00%   0               inf                  inf      595      5   1277     4267k  4046.5s
      1953       0       976 100.00%   0               inf                  inf      597      5   1279     4274k  4051.6s
      1959       0       979 100.00%   0               inf                  inf      600      5   1282     4284k  4058.2s
      1965       0       982 100.00%   0               inf                  inf      603      5   1285     4294k  4064.4s
      1971       0       985 100.00%   0               inf                  inf      606      5   1289     4303k  4070.6s
      1975       0       987 100.00%   0               inf                  inf      608      5   1291     4311k  4076.1s
      1981       0       990 100.00%   0               inf                  inf      611      5   1294     4322k  4083.0s
      1987       0       993 100.00%   0               inf                  inf      614      5   1297     4332k  4089.9s
      1993       0       996 100.00%   0               inf                  inf      617      5   1300     4341k  4095.7s
      1997       0       998 100.00%   0               inf                  inf      619      5   1302     4348k  4101.0s
      2003       0      1001 100.00%   0               inf                  inf      622      5   1305     4357k  4107.3s
      2009       0      1004 100.00%   0               inf                  inf      625      5   1310     4367k  4113.8s
      2015       0      1007 100.00%   0               inf                  inf      628      5   1313     4376k  4119.9s

        Nodes      |    B&B Tree     |            Objective Bounds              |  Dynamic Constraints |       Work
Src  Proc. InQueue |  Leaves   Expl. | BestBound       BestSol              Gap |   Cuts   InLp Confl. | LpIters     Time

      2021       0      1010 100.00%   0               inf                  inf      631      5   1316     4386k  4126.5s
      2027       0      1013 100.00%   0               inf                  inf      634      5   1319     4396k  4133.5s
      2033       0      1016 100.00%   0               inf                  inf      637      5   1322     4405k  4139.5s
      2039       0      1019 100.00%   0               inf                  inf      640      5   1325     4415k  4146.4s
      2045       0      1022 100.00%   0               inf                  inf      643      5   1329     4426k  4153.4s
      2049       0      1024 100.00%   0               inf                  inf      625      5   1331     4433k  4159.1s
      2055       0      1027 100.00%   0               inf                  inf      628      5   1334     4441k  4164.8s
      2061       0      1030 100.00%   0               inf                  inf      631      5   1338     4451k  4171.8s
      2067       0      1033 100.00%   0               inf                  inf      634      5   1341     4461k  4178.2s
      2073       0      1036 100.00%   0               inf                  inf      637      5   1344     4470k  4184.5s
      2079       0      1039 100.00%   0               inf                  inf      640      5   1347     4480k  4191.3s
      2083       0      1041 100.00%   0               inf                  inf      642      5   1349     4488k  4196.3s
      2089       0      1044 100.00%   0               inf                  inf      645      5   1352     4496k  4202.2s
      2095       0      1047 100.00%   0               inf                  inf      648      5   1355     4505k  4207.8s
      2101       0      1050 100.00%   0               inf                  inf      651      5   1358     4514k  4213.8s
      2107       0      1053 100.00%   0               inf                  inf      654      5   1361     4524k  4220.9s
      2113       0      1056 100.00%   0               inf                  inf      657      5   1364     4533k  4227.1s
      2119       0      1059 100.00%   0               inf                  inf      660      5   1368     4544k  4234.4s
      2125       0      1062 100.00%   0               inf                  inf      663      5   1372     4554k  4241.0s
      2131       0      1065 100.00%   0               inf                  inf      666      5   1376     4563k  4247.4s

        Nodes      |    B&B Tree     |            Objective Bounds              |  Dynamic Constraints |       Work
Src  Proc. InQueue |  Leaves   Expl. | BestBound       BestSol              Gap |   Cuts   InLp Confl. | LpIters     Time

      2137       0      1068 100.00%   0               inf                  inf      669      5   1380     4572k  4253.5s
      2143       0      1071 100.00%   0               inf                  inf      672      5   1384     4583k  4260.5s
      2147       1      1073 100.00%   0               inf                  inf      674      5   1386     4590k  4265.6s
      2151       0      1075 100.00%   0               inf                  inf      650      5   1388     4597k  4271.0s
      2157       0      1078 100.00%   0               inf                  inf      653      5   1391     4608k  4278.4s
      2161       0      1080 100.00%   0               inf                  inf      655      5   1393     4616k  4283.6s
      2165       0      1082 100.00%   0               inf                  inf      657      5   1395     4623k  4288.6s
      2169       0      1084 100.00%   0               inf                  inf      659      5   1398     4630k  4293.7s
      2175       0      1087 100.00%   0               inf                  inf      662      5   1402     4640k  4299.9s
      2181       0      1090 100.00%   0               inf                  inf      665      5   1405     4650k  4306.6s
      2187       0      1093 100.00%   0               inf                  inf      668      5   1408     4659k  4313.1s
      2193       0      1096 100.00%   0               inf                  inf      671      5   1412     4670k  4320.5s
      2199       0      1099 100.00%   0               inf                  inf      674      5   1415     4680k  4326.9s
      2205       0      1102 100.00%   0               inf                  inf      677      5   1420     4689k  4333.4s
      2211       0      1105 100.00%   0               inf                  inf      680      5   1423     4700k  4340.6s
      2217       0      1108 100.00%   0               inf                  inf      683      5   1427     4710k  4347.7s
      2223       0      1111 100.00%   0               inf                  inf      686      5   1430     4720k  4354.5s
      2229       0      1114 100.00%   0               inf                  inf      689      5   1434     4730k  4360.7s
      2235       0      1117 100.00%   0               inf                  inf      692      5   1437     4740k  4367.4s
      2241       0      1120 100.00%   0               inf                  inf      695      5   1440     4750k  4374.5s

        Nodes      |    B&B Tree     |            Objective Bounds              |  Dynamic Constraints |       Work
Src  Proc. InQueue |  Leaves   Expl. | BestBound       BestSol              Gap |   Cuts   InLp Confl. | LpIters     Time

      2245       0      1122 100.00%   0               inf                  inf      697      5   1442     4758k  4380.1s
      2249       0      1124 100.00%   0               inf                  inf      674      6   1444     4766k  4386.2s
      2255       0      1127 100.00%   0               inf                  inf      677      6   1447     4774k  4391.8s
      2261       0      1130 100.00%   0               inf                  inf      680      6   1451     4783k  4398.3s
      2265       0      1132 100.00%   0               inf                  inf      682      6   1453     4791k  4403.8s
      2271       0      1135 100.00%   0               inf                  inf      685      6   1457     4801k  4410.3s
      2277       0      1138 100.00%   0               inf                  inf      688      6   1461     4811k  4417.3s
      2283       0      1141 100.00%   0               inf                  inf      691      6   1464     4821k  4424.0s
      2289       0      1144 100.00%   0               inf                  inf      694      6   1468     4832k  4431.2s
      2295       0      1147 100.00%   0               inf                  inf      697      6   1471     4842k  4438.4s
      2299       0      1149 100.00%   0               inf                  inf      699      6   1473     4852k  4445.4s
      2303       0      1151 100.00%   0               inf                  inf      701      6   1475     4860k  4450.8s
      2307       0      1153 100.00%   0               inf                  inf      703      6   1477     4867k  4456.4s
      2311       0      1155 100.00%   0               inf                  inf      705      6   1479     4876k  4463.2s
      2315       0      1157 100.00%   0               inf                  inf      707      6   1481     4884k  4468.8s
      2319       0      1159 100.00%   0               inf                  inf      709      6   1484     4895k  4476.9s
      2323       0      1161 100.00%   0               inf                  inf      711      6   1486     4902k  4482.4s
      2329       0      1164 100.00%   0               inf                  inf      714      6   1489     4914k  4490.2s
      2333       0      1166 100.00%   0               inf                  inf      716      6   1491     4921k  4495.3s
      2337       0      1168 100.00%   0               inf                  inf      718      6   1493     4931k  4501.9s

        Nodes      |    B&B Tree     |            Objective Bounds              |  Dynamic Constraints |       Work
Src  Proc. InQueue |  Leaves   Expl. | BestBound       BestSol              Gap |   Cuts   InLp Confl. | LpIters     Time

      2343       0      1171 100.00%   0               inf                  inf      721      6   1496     4942k  4509.3s
      2347       1      1173 100.00%   0               inf                  inf      723      6   1498     4950k  4515.0s
      2351       0      1175 100.00%   0               inf                  inf      700      6   1500     4957k  4520.5s
      2357       0      1178 100.00%   0               inf                  inf      703      6   1503     4966k  4527.0s
      2363       0      1181 100.00%   0               inf                  inf      706      6   1507     4975k  4533.2s
      2369       0      1184 100.00%   0               inf                  inf      709      6   1511     4983k  4538.8s
      2375       0      1187 100.00%   0               inf                  inf      712      6   1514     4993k  4545.2s
      2381       0      1190 100.00%   0               inf                  inf      715      6   1517     5001k  4551.2s
      2387       0      1193 100.00%   0               inf                  inf      718      6   1520     5010k  4556.8s
      2393       0      1196 100.00%   0               inf                  inf      721      6   1525     5020k  4564.0s
      2399       0      1199 100.00%   0               inf                  inf      724      6   1528     5030k  4570.9s
      2405       0      1202 100.00%   0               inf                  inf      727      6   1532     5041k  4578.1s
      2411       0      1205 100.00%   0               inf                  inf      730      6   1535     5052k  4585.9s
      2417       0      1208 100.00%   0               inf                  inf      733      6   1539     5063k  4593.1s
      2423       0      1211 100.00%   0               inf                  inf      736      6   1542     5073k  4600.1s
      2429       0      1214 100.00%   0               inf                  inf      739      6   1546     5084k  4607.7s
      2435       0      1217 100.00%   0               inf                  inf      742      6   1549     5095k  4615.4s
      2441       0      1220 100.00%   0               inf                  inf      745      6   1553     5106k  4622.5s
      2445       0      1222 100.00%   0               inf                  inf      747      6   1555     5114k  4628.0s
      2449       0      1224 100.00%   0               inf                  inf      717      2   1557     5121k  4633.6s

        Nodes      |    B&B Tree     |            Objective Bounds              |  Dynamic Constraints |       Work
Src  Proc. InQueue |  Leaves   Expl. | BestBound       BestSol              Gap |   Cuts   InLp Confl. | LpIters     Time

      2457       0      1228 100.00%   0               inf                  inf      721      2   1561     5133k  4641.2s
      2463       0      1231 100.00%   0               inf                  inf      724      2   1565     5142k  4646.9s
      2469       0      1234 100.00%   0               inf                  inf      727      2   1568     5151k  4652.3s
      2475       0      1237 100.00%   0               inf                  inf      730      2   1572     5160k  4658.1s
      2481       0      1240 100.00%   0               inf                  inf      733      2   1576     5170k  4664.1s
      2487       0      1243 100.00%   0               inf                  inf      736      2   1579     5180k  4670.2s
      2493       0      1246 100.00%   0               inf                  inf      739      2   1584     5189k  4675.7s
      2499       0      1249 100.00%   0               inf                  inf      742      2   1588     5198k  4681.8s
      2505       0      1252 100.00%   0               inf                  inf      745      2   1591     5209k  4688.7s
      2511       0      1255 100.00%   0               inf                  inf      748      2   1594     5218k  4694.4s
      2515       0      1257 100.00%   0               inf                  inf      750      2   1596     5226k  4699.5s
      2521       0      1260 100.00%   0               inf                  inf      753      2   1599     5238k  4706.6s
      2527       0      1263 100.00%   0               inf                  inf      756      2   1602     5247k  4712.5s
      2533       0      1266 100.00%   0               inf                  inf      759      2   1605     5259k  4719.6s
      2539       0      1269 100.00%   0               inf                  inf      762      2   1608     5269k  4726.2s
      2545       0      1272 100.00%   0               inf                  inf      765      2   1611     5281k  4733.2s
      2549       0      1274 100.00%   0               inf                  inf      733      3   1613     5288k  4739.0s
      2555       0      1277 100.00%   0               inf                  inf      736      3   1616     5298k  4745.3s
      2561       0      1280 100.00%   0               inf                  inf      739      3   1619     5307k  4750.5s
      2567       0      1283 100.00%   0               inf                  inf      742      3   1622     5315k  4756.2s

        Nodes      |    B&B Tree     |            Objective Bounds              |  Dynamic Constraints |       Work
Src  Proc. InQueue |  Leaves   Expl. | BestBound       BestSol              Gap |   Cuts   InLp Confl. | LpIters     Time

      2573       0      1286 100.00%   0               inf                  inf      745      3   1625     5325k  4762.4s
      2579       0      1289 100.00%   0               inf                  inf      748      3   1629     5334k  4768.4s
      2585       0      1292 100.00%   0               inf                  inf      751      3   1633     5344k  4774.1s
      2591       0      1295 100.00%   0               inf                  inf      754      3   1636     5354k  4780.6s
      2597       0      1298 100.00%   0               inf                  inf      757      3   1639     5364k  4787.2s
      2603       0      1301 100.00%   0               inf                  inf      760      3   1642     5375k  4794.3s
      2609       0      1304 100.00%   0               inf                  inf      763      3   1645     5384k  4800.3s
      2613       0      1306 100.00%   0               inf                  inf      765      3   1647     5393k  4805.6s
      2619       0      1309 100.00%   0               inf                  inf      768      3   1650     5403k  4811.9s
      2625       0      1312 100.00%   0               inf                  inf      771      3   1653     5413k  4818.3s
      2631       0      1315 100.00%   0               inf                  inf      774      3   1656     5423k  4824.8s
      2637       0      1318 100.00%   0               inf                  inf      777      3   1659     5434k  4831.3s
      2643       0      1321 100.00%   0               inf                  inf      780      3   1662     5445k  4838.1s
      2649       0      1324 100.00%   0               inf                  inf      745      3   1666     5454k  4844.6s
      2655       0      1327 100.00%   0               inf                  inf      748      3   1669     5463k  4850.4s
      2661       0      1330 100.00%   0               inf                  inf      751      3   1673     5473k  4856.8s
      2667       0      1333 100.00%   0               inf                  inf      754      3   1676     5483k  4863.0s
      2673       0      1336 100.00%   0               inf                  inf      757      3   1679     5491k  4868.6s
      2679       0      1339 100.00%   0               inf                  inf      760      3   1682     5500k  4874.0s
      2685       0      1342 100.00%   0               inf                  inf      763      3   1686     5510k  4880.2s

        Nodes      |    B&B Tree     |            Objective Bounds              |  Dynamic Constraints |       Work
Src  Proc. InQueue |  Leaves   Expl. | BestBound       BestSol              Gap |   Cuts   InLp Confl. | LpIters     Time

      2691       0      1345 100.00%   0               inf                  inf      766      3   1689     5519k  4885.9s
      2697       0      1348 100.00%   0               inf                  inf      769      3   1693     5528k  4891.7s
      2703       0      1351 100.00%   0               inf                  inf      772      3   1696     5538k  4898.2s
      2709       0      1354 100.00%   0               inf                  inf      775      3   1700     5550k  4905.6s
      2715       0      1357 100.00%   0               inf                  inf      778      3   1704     5559k  4911.7s
      2719       0      1359 100.00%   0               inf                  inf      780      3   1707     5567k  4916.8s
      2725       0      1362 100.00%   0               inf                  inf      783      3   1711     5578k  4923.6s
      2731       0      1365 100.00%   0               inf                  inf      786      3   1715     5589k  4930.5s
      2737       0      1368 100.00%   0               inf                  inf      789      3   1718     5600k  4937.5s
      2743       0      1371 100.00%   0               inf                  inf      792      3   1722     5612k  4944.7s
      2747       0      1373 100.00%   0               inf                  inf      794      3   1724     5619k  4950.0s
      2751       0      1375 100.00%   0               inf                  inf      764      3   1727     5627k  4955.3s
      2757       0      1378 100.00%   0               inf                  inf      767      3   1730     5638k  4961.9s
      2763       0      1381 100.00%   0               inf                  inf      770      3   1733     5647k  4967.5s
      2769       0      1384 100.00%   0               inf                  inf      773      3   1736     5656k  4973.5s
      2777       0      1388 100.00%   0               inf                  inf      777      3   1740     5667k  4980.3s
      2783       0      1391 100.00%   0               inf                  inf      780      3   1743     5676k  4986.6s
      2791       0      1395 100.00%   0               inf                  inf      784      3   1747     5687k  4993.4s
      2797       0      1398 100.00%   0               inf                  inf      787      3   1750     5697k  4999.6s
      2803       0      1401 100.00%   0               inf                  inf      790      3   1753     5705k  5005.0s

        Nodes      |    B&B Tree     |            Objective Bounds              |  Dynamic Constraints |       Work
Src  Proc. InQueue |  Leaves   Expl. | BestBound       BestSol              Gap |   Cuts   InLp Confl. | LpIters     Time

      2809       0      1404 100.00%   0               inf                  inf      793      3   1756     5713k  5010.2s
      2815       0      1407 100.00%   0               inf                  inf      796      3   1760     5723k  5016.4s
      2821       0      1410 100.00%   0               inf                  inf      799      3   1763     5733k  5022.4s
      2827       0      1413 100.00%   0               inf                  inf      802      3   1766     5742k  5028.4s
      2833       0      1416 100.00%   0               inf                  inf      805      3   1769     5751k  5034.3s
      2839       0      1419 100.00%   0               inf                  inf      808      3   1772     5759k  5039.6s
      2845       0      1422 100.00%   0               inf                  inf      811      3   1776     5767k  5044.9s
      2851       0      1425 100.00%   0               inf                  inf      771      3   1780     5776k  5051.1s
      2857       0      1428 100.00%   0               inf                  inf      774      3   1783     5784k  5056.2s
      2863       0      1431 100.00%   0               inf                  inf      777      3   1787     5792k  5062.1s
      2869       0      1434 100.00%   0               inf                  inf      780      3   1790     5800k  5067.7s
      2875       0      1437 100.00%   0               inf                  inf      783      3   1793     5808k  5073.0s
      2883       0      1441 100.00%   0               inf                  inf      787      3   1799     5819k  5079.8s
      2889       0      1444 100.00%   0               inf                  inf      790      3   1803     5827k  5085.3s
      2895       0      1447 100.00%   0               inf                  inf      793      3   1806     5836k  5090.6s
      2901       0      1450 100.00%   0               inf                  inf      796      3   1809     5845k  5096.8s
      2907       0      1453 100.00%   0               inf                  inf      799      3   1814     5854k  5102.8s
      2913       0      1456 100.00%   0               inf                  inf      802      3   1817     5863k  5108.3s
      2919       0      1459 100.00%   0               inf                  inf      805      3   1820     5872k  5114.1s
      2925       0      1462 100.00%   0               inf                  inf      808      3   1824     5881k  5119.6s

        Nodes      |    B&B Tree     |            Objective Bounds              |  Dynamic Constraints |       Work
Src  Proc. InQueue |  Leaves   Expl. | BestBound       BestSol              Gap |   Cuts   InLp Confl. | LpIters     Time

      2931       0      1465 100.00%   0               inf                  inf      811      3   1827     5890k  5125.3s
      2937       0      1468 100.00%   0               inf                  inf      814      3   1830     5900k  5131.7s
      2943       0      1471 100.00%   0               inf                  inf      817      3   1833     5909k  5137.6s
      2949       0      1474 100.00%   0               inf                  inf      790      4   1837     5918k  5144.0s
      2955       0      1477 100.00%   0               inf                  inf      793      4   1840     5927k  5149.8s
      2961       0      1480 100.00%   0               inf                  inf      796      4   1843     5936k  5155.4s
      2967       0      1483 100.00%   0               inf                  inf      799      4   1846     5945k  5161.8s
      2973       0      1486 100.00%   0               inf                  inf      802      4   1850     5955k  5167.9s
      2979       0      1489 100.00%   0               inf                  inf      805      4   1853     5964k  5173.9s
      2985       0      1492 100.00%   0               inf                  inf      808      4   1856     5973k  5179.7s
      2991       0      1495 100.00%   0               inf                  inf      811      4   1859     5983k  5186.4s
      2997       0      1498 100.00%   0               inf                  inf      814      4   1862     5992k  5192.3s
      3003       0      1501 100.00%   0               inf                  inf      817      4   1865     6001k  5197.8s
      3009       0      1504 100.00%   0               inf                  inf      820      4   1868     6009k  5203.4s
      3015       0      1507 100.00%   0               inf                  inf      823      4   1872     6020k  5210.5s
      3021       0      1510 100.00%   0               inf                  inf      826      4   1876     6030k  5217.1s
      3027       0      1513 100.00%   0               inf                  inf      829      4   1880     6040k  5223.1s
      3033       0      1516 100.00%   0               inf                  inf      832      4   1883     6049k  5229.4s
      3039       0      1519 100.00%   0               inf                  inf      835      4   1887     6058k  5235.4s
      3045       0      1522 100.00%   0               inf                  inf      838      4   1890     6068k  5241.7s

        Nodes      |    B&B Tree     |            Objective Bounds              |  Dynamic Constraints |       Work
Src  Proc. InQueue |  Leaves   Expl. | BestBound       BestSol              Gap |   Cuts   InLp Confl. | LpIters     Time

      3049       0      1524 100.00%   0               inf                  inf      787      4   1892     6076k  5247.2s
      3055       0      1527 100.00%   0               inf                  inf      790      4   1895     6084k  5252.5s
      3061       0      1530 100.00%   0               inf                  inf      793      4   1898     6094k  5258.9s
      3067       0      1533 100.00%   0               inf                  inf      796      4   1902     6103k  5264.5s
      3073       0      1536 100.00%   0               inf                  inf      799      4   1905     6111k  5270.2s
      3079       0      1539 100.00%   0               inf                  inf      802      4   1909     6119k  5275.2s
      3085       0      1542 100.00%   0               inf                  inf      805      4   1912     6129k  5281.6s
      3091       0      1545 100.00%   0               inf                  inf      808      4   1915     6140k  5288.5s
      3095       0      1547 100.00%   0               inf                  inf      810      4   1917     6146k  5294.1s
      3101       0      1550 100.00%   0               inf                  inf      813      4   1922     6157k  5300.8s
      3107       0      1553 100.00%   0               inf                  inf      816      4   1926     6167k  5307.5s
      3113       0      1556 100.00%   0               inf                  inf      819      4   1929     6177k  5313.9s
      3119       0      1559 100.00%   0               inf                  inf      822      4   1932     6187k  5320.6s
      3123       0      1561 100.00%   0               inf                  inf      824      4   1934     6197k  5327.0s
      3129       0      1564 100.00%   0               inf                  inf      827      4   1937     6209k  5334.6s
      3135       0      1567 100.00%   0               inf                  inf      830      4   1940     6220k  5341.6s
      3141       0      1570 100.00%   0               inf                  inf      833      4   1945     6231k  5348.6s
      3147       1      1573 100.00%   0               inf                  inf      836      4   1948     6241k  5355.5s
      3151       0      1575 100.00%   0               inf                  inf      772      4   1950     6248k  5360.7s
      3157       0      1578 100.00%   0               inf                  inf      775      4   1953     6257k  5366.3s

        Nodes      |    B&B Tree     |            Objective Bounds              |  Dynamic Constraints |       Work
Src  Proc. InQueue |  Leaves   Expl. | BestBound       BestSol              Gap |   Cuts   InLp Confl. | LpIters     Time

      3163       0      1581 100.00%   0               inf                  inf      778      4   1957     6266k  5372.7s
      3169       0      1584 100.00%   0               inf                  inf      781      4   1965     6280k  5381.7s
      3175       0      1587 100.00%   0               inf                  inf      784      4   1968     6288k  5387.3s
      3181       0      1590 100.00%   0               inf                  inf      787      4   1971     6297k  5393.2s
      3187       0      1593 100.00%   0               inf                  inf      790      4   1974     6305k  5398.6s
      3193       0      1596 100.00%   0               inf                  inf      793      4   1978     6314k  5404.2s
      3199       0      1599 100.00%   0               inf                  inf      796      4   1982     6324k  5410.6s
      3205       0      1602 100.00%   0               inf                  inf      799      4   1987     6333k  5416.3s
      3211       0      1605 100.00%   0               inf                  inf      802      4   1993     6341k  5421.8s
      3217       0      1608 100.00%   0               inf                  inf      805      4   1997     6350k  5427.4s
      3223       0      1611 100.00%   0               inf                  inf      808      4   2001     6358k  5432.8s
      3229       0      1614 100.00%   0               inf                  inf      811      4   2004     6367k  5438.5s
      3235       0      1617 100.00%   0               inf                  inf      814      4   2007     6376k  5444.3s
      3241       0      1620 100.00%   0               inf                  inf      817      4   2010     6386k  5450.5s
      3247       1      1623 100.00%   0               inf                  inf      820      4   2013     6397k  5457.6s
      3251       0      1625 100.00%   0               inf                  inf      776      4   2016     6404k  5463.1s
      3257       0      1628 100.00%   0               inf                  inf      779      4   2020     6413k  5469.2s
      3263       0      1631 100.00%   0               inf                  inf      782      4   2025     6423k  5475.6s
      3269       0      1634 100.00%   0               inf                  inf      785      4   2028     6432k  5481.4s
      3275       0      1637 100.00%   0               inf                  inf      788      4   2031     6440k  5486.8s

        Nodes      |    B&B Tree     |            Objective Bounds              |  Dynamic Constraints |       Work
Src  Proc. InQueue |  Leaves   Expl. | BestBound       BestSol              Gap |   Cuts   InLp Confl. | LpIters     Time

      3281       0      1640 100.00%   0               inf                  inf      791      4   2034     6448k  5491.9s
      3287       0      1643 100.00%   0               inf                  inf      794      4   2037     6458k  5498.1s
      3293       0      1646 100.00%   0               inf                  inf      797      4   2041     6466k  5503.5s
      3299       0      1649 100.00%   0               inf                  inf      800      4   2044     6475k  5509.2s
      3305       0      1652 100.00%   0               inf                  inf      803      4   2047     6484k  5515.1s
      3311       0      1655 100.00%   0               inf                  inf      806      4   2050     6492k  5520.2s
      3317       0      1658 100.00%   0               inf                  inf      809      4   2054     6500k  5525.7s
      3323       0      1661 100.00%   0               inf                  inf      812      4   2058     6509k  5531.7s
      3329       0      1664 100.00%   0               inf                  inf      815      4   2063     6517k  5536.9s
      3335       0      1667 100.00%   0               inf                  inf      818      4   2067     6526k  5543.0s
      3341       0      1670 100.00%   0               inf                  inf      821      4   2071     6535k  5548.7s
      3347       1      1673 100.00%   0               inf                  inf      824      4   2075     6544k  5554.5s
      3351       0      1675 100.00%   0               inf                  inf      797      5   2078     6552k  5560.5s
      3355       0      1677 100.00%   0               inf                  inf      799      5   2080     6562k  5566.8s
      3361       0      1680 100.00%   0               inf                  inf      802      5   2083     6571k  5573.1s
      3367       0      1683 100.00%   0               inf                  inf      805      5   2087     6582k  5580.2s
      3371       0      1685 100.00%   0               inf                  inf      807      5   2089     6589k  5587.3s
      3377       0      1688 100.00%   0               inf                  inf      810      5   2092     6599k  5593.5s
      3381       0      1690 100.00%   0               inf                  inf      812      5   2094     6608k  5599.7s
      3387       0      1693 100.00%   0               inf                  inf      815      5   2098     6618k  5606.3s

        Nodes      |    B&B Tree     |            Objective Bounds              |  Dynamic Constraints |       Work
Src  Proc. InQueue |  Leaves   Expl. | BestBound       BestSol              Gap |   Cuts   InLp Confl. | LpIters     Time

      3391       0      1695 100.00%   0               inf                  inf      817      5   2100     6626k  5611.5s
      3397       0      1698 100.00%   0               inf                  inf      820      5   2104     6638k  5619.5s
      3403       0      1701 100.00%   0               inf                  inf      823      5   2108     6646k  5624.6s
      3407       0      1703 100.00%   0               inf                  inf      825      5   2110     6654k  5629.9s
      3413       0      1706 100.00%   0               inf                  inf      828      5   2113     6662k  5635.4s
      3419       0      1709 100.00%   0               inf                  inf      831      5   2117     6670k  5641.0s
      3425       0      1712 100.00%   0               inf                  inf      834      5   2120     6679k  5647.1s
      3431       0      1715 100.00%   0               inf                  inf      837      5   2123     6688k  5652.8s
      3437       0      1718 100.00%   0               inf                  inf      840      5   2128     6697k  5658.8s
      3443       0      1721 100.00%   0               inf                  inf      843      5   2131     6706k  5665.2s
      3447       1      1723 100.00%   0               inf                  inf      845      5   2133     6713k  5670.3s
      3451       0      1725 100.00%   0               inf                  inf      784      5   2135     6720k  5675.8s
      3457       0      1728 100.00%   0               inf                  inf      787      5   2138     6730k  5682.3s
      3463       0      1731 100.00%   0               inf                  inf      790      5   2142     6737k  5687.3s
      3469       0      1734 100.00%   0               inf                  inf      793      5   2145     6745k  5692.4s
      3475       0      1737 100.00%   0               inf                  inf      796      5   2148     6753k  5698.1s
      3481       0      1740 100.00%   0               inf                  inf      799      5   2152     6762k  5703.7s
      3487       0      1743 100.00%   0               inf                  inf      802      5   2156     6770k  5709.1s
      3493       0      1746 100.00%   0               inf                  inf      805      5   2162     6780k  5716.0s
      3499       0      1749 100.00%   0               inf                  inf      808      5   2166     6788k  5721.1s

        Nodes      |    B&B Tree     |            Objective Bounds              |  Dynamic Constraints |       Work
Src  Proc. InQueue |  Leaves   Expl. | BestBound       BestSol              Gap |   Cuts   InLp Confl. | LpIters     Time

      3505       0      1752 100.00%   0               inf                  inf      811      5   2170     6797k  5727.6s
      3511       0      1755 100.00%   0               inf                  inf      814      5   2176     6807k  5733.7s
      3517       0      1758 100.00%   0               inf                  inf      817      5   2180     6816k  5739.9s
      3523       0      1761 100.00%   0               inf                  inf      820      5   2183     6825k  5746.0s
      3529       0      1764 100.00%   0               inf                  inf      823      5   2186     6834k  5752.1s
      3535       0      1767 100.00%   0               inf                  inf      826      5   2190     6843k  5757.9s
      3541       0      1770 100.00%   0               inf                  inf      829      5   2194     6852k  5763.7s
      3547       1      1773 100.00%   0               inf                  inf      832      5   2197     6861k  5770.0s
      3553       0      1776 100.00%   0               inf                  inf      794      5   2201     6871k  5776.7s
      3559       0      1779 100.00%   0               inf                  inf      797      5   2206     6879k  5782.2s
      3563       0      1781 100.00%   0               inf                  inf      799      5   2208     6886k  5787.4s
      3569       0      1784 100.00%   0               inf                  inf      802      5   2211     6895k  5793.3s
      3575       0      1787 100.00%   0               inf                  inf      805      5   2218     6903k  5798.6s
      3581       0      1790 100.00%   0               inf                  inf      808      5   2227     6911k  5803.6s
      3587       0      1793 100.00%   0               inf                  inf      811      5   2231     6918k  5808.8s
      3593       0      1796 100.00%   0               inf                  inf      814      5   2238     6927k  5814.7s
      3599       0      1799 100.00%   0               inf                  inf      817      5   2242     6937k  5820.9s
      3605       0      1802 100.00%   0               inf                  inf      820      5   2249     6945k  5826.1s
      3611       0      1805 100.00%   0               inf                  inf      823      5   2254     6952k  5831.4s
      3617       0      1808 100.00%   0               inf                  inf      826      5   2257     6961k  5836.9s

        Nodes      |    B&B Tree     |            Objective Bounds              |  Dynamic Constraints |       Work
Src  Proc. InQueue |  Leaves   Expl. | BestBound       BestSol              Gap |   Cuts   InLp Confl. | LpIters     Time

      3623       0      1811 100.00%   0               inf                  inf      829      5   2261     6970k  5843.0s
      3629       0      1814 100.00%   0               inf                  inf      832      5   2265     6978k  5848.3s
      3635       0      1817 100.00%   0               inf                  inf      835      5   2272     6987k  5854.7s
      3641       0      1820 100.00%   0               inf                  inf      838      5   2280     6996k  5860.0s
      3647       0      1823 100.00%   0               inf                  inf      841      5   2285     7003k  5865.6s
      3653       0      1826 100.00%   0               inf                  inf      805      6   2289     7011k  5871.4s
      3659       0      1829 100.00%   0               inf                  inf      808      6   2292     7020k  5877.2s
      3665       0      1832 100.00%   0               inf                  inf      811      6   2295     7028k  5882.4s
      3671       0      1835 100.00%   0               inf                  inf      814      6   2299     7037k  5888.8s
      3677       0      1838 100.00%   0               inf                  inf      817      6   2302     7046k  5894.3s
      3683       0      1841 100.00%   0               inf                  inf      820      6   2305     7055k  5900.2s
      3689       0      1844 100.00%   0               inf                  inf      823      6   2308     7063k  5905.6s
      3695       0      1847 100.00%   0               inf                  inf      826      6   2312     7071k  5911.0s
      3701       0      1850 100.00%   0               inf                  inf      829      6   2316     7081k  5917.4s
      3709       0      1854 100.00%   0               inf                  inf      833      6   2323     7090k  5923.9s
      3715       0      1857 100.00%   0               inf                  inf      836      6   2332     7100k  5930.6s
      3720       0      1860 100.00%   inf             inf                  inf      839      6   2335     7107k  5934.8s

Solving report
  Status            Infeasible
  Primal bound      inf
  Dual bound        inf
  Gap               inf
  P-D integral      0
  Solution status   -
  Timing            5934.81
                    35.97 (Presolve)
                        MIP    time [calls] = 7.83 [1]
                        subMIP time [calls] = 28.14 [18]
                    5898.82 (Solve)
                        MIP    time [calls] = 5194.05 [1]
                        subMIP time [calls] = 704.77 [18]
                    0.00 (Postsolve)
                        MIP    time [calls] = 0.00 [1]
                        subMIP time [calls] = 0.00 [18]
  Max sub-MIP depth 8
  Nodes             3720
  Repair LPs        0
  LP iterations     7107177
                    0 (strong br.)
                    1942 (separation)
                    412713 (heuristics)
Solver status: Infeasible
INFEASIBLE: no covering family of size <= 11. Therefore kappa(4) > 11.

C:\Users\jmudr\Downloads>verify_mu4_ip.pyverify_mu4_ip.pyverify_mu4_ip.py
